{
  "llama3.1:8b": [
    62.637362637362635
  ],
  "deepseek-r1:8b": [
    68.13186813186813
  ],
  "mistral:7b": [
    69.23076923076923
  ],
  "gemma3:12b": [
    63.73626373626373
  ]
}