{
  "total_words": 91,
  "missing_count": 32,
  "wrong_def_count": 26,
  "failure_rate": 63.73626373626373,
  "wrong_def_rate": 28.57142857142857
}